{
  "analysis": [
    {"run_evolution_hillclimb_best_improve": [0.06039990857243538, 0.06039990857243538, 0.06039990857243538, 0.06039990857243538, 0.06039990857243538, 0.06039990857243538, 0.06039990857243538, 0.06039990857243538, 0.06039990857243538, 0.06039990857243538, 0.06039990857243538, 0.06039990857243538, 0.06039990857243538, 0.06039990857243538, 0.06039990857243538, 0.06039990857243538, 0.06039990857243538, 0.06039990857243538, 0.06039990857243538, 0.06039990857243538, 0.06039990857243538, 0.06039990857243538, 0.06039990857243538, 0.06039990857243538, 0.06039990857243538, 0.06039990857243538, 0.06039990857243538, 0.06039990857243538, 0.06039990857243538, 0.06039990857243538, 0.06039990857243538, 0.06039990857243538, 0.06039990857243538, 0.06039990857243538, 0.06039990857243538, 0.06039990857243538, 0.06039990857243538, 0.06039990857243538, 0.06039990857243538, 0.06039990857243538, 0.06039990857243538, 0.06039990857243538, 0.06039990857243538, 0.06039990857243538, 0.06039990857243538, 0.06039990857243538, 0.06039990857243538, 0.06039990857243538, 0.06039990857243538, 0.06039990857243538, 0.06039990857243538, 0.06039990857243538, 0.06039990857243538, 0.06039990857243538, 0.06039990857243538, 0.06039990857243538, 0.06039990857243538, 0.06039990857243538, 0.06039990857243538, 0.06039990857243538, 0.06039990857243538, 0.06039990857243538, 0.06039990857243538, 0.06039990857243538, 0.06039990857243538, 0.06039990857243538, 0.06039990857243538, 0.06039990857243538, 0.06039990857243538, 0.06039990857243538, 0.06039990857243538, 0.06039990857243538, 0.06039990857243538, 0.06039990857243538, 0.06039990857243538, 0.06039990857243538, 0.06039990857243538, 0.06039990857243538, 0.06039990857243538, 0.06039990857243538, 0.06039990857243538, 0.06039990857243538, 0.06039990857243538, 0.06039990857243538, 0.06039990857243538, 0.06039990857243538, 0.06039990857243538, 0.06039990857243538, 0.06039990857243538, 0.06039990857243538, 0.06039990857243538, 0.06039990857243538, 0.06039990857243538, 0.06039990857243538, 0.06039990857243538, 0.06039990857243538, 0.06039990857243538, 0.06039990857243538, 0.06039990857243538, 0.06039990857243538]},
    {"run_evolution_simulated_annealing": [14.735466003417969, 13.442985534667969, 13.442985534667969, 13.360958099365234, 13.360958099365234, 12.602481842041016, 5.196615695953369, 5.196615695953369, 5.196615695953369, 5.196615695953369, 5.196615695953369, 5.196615695953369, 5.196615695953369, 5.196615695953369, 5.196615695953369, 5.196615695953369, 5.196615695953369, 5.196615695953369, 5.196615695953369, 5.196615695953369, 5.196615695953369, 5.196615695953369, 5.196615695953369, 5.196615695953369, 5.196615695953369, 5.196615695953369, 5.196615695953369, 5.196615695953369, 5.196615695953369, 5.196615695953369, 5.196615695953369, 5.196615695953369, 5.196615695953369, 5.196615695953369, 5.196615695953369, 5.022341728210449, 5.022341728210449, 4.67991304397583, 4.67991304397583, 4.67991304397583, 4.67991304397583, 4.67991304397583, 4.67991304397583, 4.67991304397583, 4.67991304397583, 4.67991304397583, 4.67991304397583, 4.67991304397583, 4.67991304397583, 3.8082382678985596, 3.8082382678985596, 3.8082382678985596, 3.8082382678985596, 3.8082382678985596, 3.8082382678985596, 3.8082382678985596, 3.8082382678985596, 3.8082382678985596, 3.8082382678985596, 3.8082382678985596, 3.8082382678985596, 3.8082382678985596, 3.8082382678985596, 3.8082382678985596, 3.8082382678985596, 3.8082382678985596, 3.8082382678985596, 3.8082382678985596, 3.8082382678985596, 3.8082382678985596, 3.8082382678985596, 3.8082382678985596, 3.8082382678985596, 3.4344046115875244, 3.4344046115875244, 3.4344046115875244, 2.6801042556762695, 2.6801042556762695, 2.6801042556762695, 2.6801042556762695, 2.6801042556762695, 2.6801042556762695, 2.6801042556762695, 2.6801042556762695, 2.6801042556762695, 2.6801042556762695, 2.6801042556762695, 2.285156488418579, 2.285156488418579, 2.285156488418579, 2.285156488418579, 2.285156488418579, 2.285156488418579, 2.285156488418579, 2.285156488418579, 2.285156488418579, 2.285156488418579, 2.285156488418579, 2.285156488418579, 2.285156488418579, 2.285156488418579]}
  ],
  "function-name": "sphere",
  "global_minimum": "0.000000"
}
