{"analysis":[{"algorythm-name":"genetic_algorithm","deltas":[4976876,5060040,5001389,5045114,5234021,4993931,5098923,5971750,5483049,6059875,5918452,5949501,6125822,5981442,5866156,5906276,5851289,5446240,5163271,4986400,5046888,4968352,4961799,5005461,5077131,4972031,5020866,5107131,4987684,4995663],"dimension":5,"results":["3.619424","0.981692","2.215672","2.279639","0.981153","1.021974","2.279922","1.873985","3.100663","3.131621","2.331434","3.100488","3.185653","0.438650","2.284159","2.140931","3.347809","0.378763","1.225749","3.133632","3.110327","3.751559","3.090740","3.244245","3.619545","2.166826","0.957066","3.228795","0.222531","2.208786"]},{"algorythm-name":"genetic_algorithm","deltas":[11235932,10597244,10142381,10032188,9858906,9757041,9965498,12013656,10455397,10157272,9934830,10664063,10111706,10759587,11031412,10500195,14826520,13469588,13127989,13428388,13322913,13371825,14153506,14488329,13303679,14032906,14821549,14403802,16047201,16973064],"dimension":10,"results":["5.976196","8.060280","4.355838","5.710038","8.071273","7.233210","7.208600","8.100698","8.226674","8.261356","8.226122","8.337951","6.886473","8.070778","8.133680","7.456899","8.103554","8.084763","7.264025","8.060883","8.159576","7.767980","8.261395","7.187710","7.810297","7.210796","7.146870","8.090499","6.633325","7.249855"]},{"algorythm-name":"genetic_algorithm","deltas":[44697077,49786586,39807379,41266958,36795211,32861955,31768085,34095602,30127996,29386767,29533128,29643843,29342468,29332381,29306911,29418669,29658339,29386485,29486423,29122232,29050616,29460960,28977978,29100381,29041421,29386079,29067674,29576427,28938078,29025302],"dimension":30,"results":["27.174454","28.569002","28.257210","25.249273","28.944223","27.766020","28.870005","28.715969","28.117849","27.882042","29.713661","28.135649","28.222363","28.666800","28.738066","27.288664","28.732267","28.166052","27.772572","28.785561","28.334236","28.205826","27.441975","28.861607","28.702204","27.428011","28.084555","28.664724","28.968527","28.758018"]},["run_evolution",[2777790.5,791093.5,430553.03125,486146.875,282903.84375,120392.015625,77480.0390625,53646.83984375,51055.609375,30484.529296875,29111.193359375,30476.369140625,19143.1953125,7888.080078125,10772.4453125,10742.7060546875,9653.47265625,7754.44482421875,5921.7265625,1321.0465087890625,1124.68212890625,1144.4249267578125,734.9874267578125,1051.2215576171875,733.38232421875,660.4169921875,1135.650634765625,1004.7536010742188,947.158203125,756.69580078125,749.5940551757813,784.13623046875,603.9553833007813,585.374755859375,402.2796936035156,365.41229248046875,467.2723693847656,463.4105224609375,431.5672302246094,409.399169921875,308.571044921875,277.4822998046875,264.4080810546875,285.3579406738281,245.199951171875,224.6917724609375,241.36480712890625,230.846923828125,235.3441619873047,365.29339599609375,365.0974426269531,381.48291015625,343.3591003417969,324.2549743652344,374.1153259277344,301.091552734375,249.47003173828125,236.4162139892578,221.24998474121094,226.88002014160156,218.78799438476563,234.63583374023438,244.3160858154297,233.8644256591797,214.61883544921875,201.61582946777344,222.61154174804688,207.6633758544922,208.23016357421875,209.2379913330078,220.09580993652344,228.8958740234375,225.938232421875,221.67575073242188,233.46734619140625,230.238037109375,216.51397705078125,215.91058349609375,220.6588592529297,212.11395263671875,205.01095581054688,203.1516571044922,219.67453002929688,211.65097045898438,211.1709747314453,222.2764129638672,198.56007385253906,199.03878784179688,199.93251037597656,202.03822326660156,202.02987670898438,183.41281127929688,182.27796936035156,181.5506134033203,190.83482360839844,173.2234344482422,172.67364501953125,173.04107666015625,170.5360870361328,166.13804626464844]]],"function-name":"rosenbrock","global_minimum":"0.000000"}
