{
  "analysis": [
    {"run_evolution_hillclimb_best_improve": [2675.728515625, 2675.728515625, 2675.728515625, 2221.203125, 2221.203125, 2221.203125, 2221.203125, 2221.203125, 2221.203125, 2221.203125, 2221.203125, 2221.203125, 2221.203125, 2221.203125, 2221.203125, 2221.203125, 2221.203125, 2221.203125, 2221.203125, 2221.203125, 2221.203125, 2221.203125, 2221.203125, 2221.203125, 2221.203125, 2221.203125, 2221.203125, 2221.203125, 2221.203125, 2221.203125, 2221.203125, 2221.203125, 2221.203125, 2221.203125, 2221.203125, 2221.203125, 2221.203125, 2221.203125, 2221.203125, 2221.203125, 2221.203125, 1615.353515625, 1615.353515625, 1615.353515625, 1615.353515625, 1615.353515625, 1615.353515625, 1615.353515625, 1615.353515625, 1615.353515625, 1615.353515625, 1615.353515625, 1615.353515625, 1615.353515625, 1615.353515625, 1615.353515625, 1615.353515625, 1615.353515625, 1615.353515625, 1615.353515625, 1615.353515625, 1615.353515625, 1615.353515625, 1615.353515625, 1615.353515625, 1615.353515625, 1615.353515625, 1615.353515625, 1615.353515625, 1615.353515625, 1615.353515625, 1615.353515625, 1615.353515625, 1615.353515625, 1615.353515625, 1615.353515625, 1615.353515625, 1615.353515625, 1615.353515625, 1615.353515625, 1615.353515625, 1615.353515625, 1615.353515625, 1615.353515625, 1615.353515625, 1615.353515625, 1615.353515625, 1615.353515625, 1615.353515625, 1615.353515625, 1615.353515625, 1615.353515625, 1615.353515625, 1615.353515625, 1615.353515625, 1615.353515625, 1615.353515625, 1615.353515625, 1615.353515625, 1615.353515625]},
    {"run_evolution_simulated_annealing": [3497.1962890625, 3349.8037109375, 3349.8037109375, 2955.0498046875, 2955.0498046875, 2955.0498046875, 2955.0498046875, 2715.509765625, 2715.509765625, 2656.2333984375, 2651.685546875, 2651.685546875, 2651.685546875, 2629.732421875, 2625.2451171875, 2625.2451171875, 2625.2451171875, 2625.2451171875, 2625.2451171875, 2625.2451171875, 2625.2451171875, 2625.2451171875, 2625.2451171875, 2625.2451171875, 2625.2451171875, 2625.2451171875, 2625.2451171875, 2625.2451171875, 2625.2451171875, 2625.2451171875, 2625.2451171875, 2625.2451171875, 2625.2451171875, 2625.2451171875, 2625.2451171875, 2625.2451171875, 2625.2451171875, 2625.2451171875, 2625.2451171875, 2625.2451171875, 2625.2451171875, 2625.2451171875, 2625.2451171875, 2625.2451171875, 2625.2451171875, 2625.2451171875, 2625.2451171875, 2625.2451171875, 2625.2451171875, 2625.2451171875, 2625.2451171875, 2625.2451171875, 2625.2451171875, 2625.2451171875, 2625.2451171875, 2625.2451171875, 2625.2451171875, 2502.7548828125, 2502.7548828125, 2502.7548828125, 2502.7548828125, 2502.7548828125, 2502.7548828125, 2502.7548828125, 2502.7548828125, 2502.7548828125, 2502.7548828125, 2502.7548828125, 2502.7548828125, 2406.6884765625, 2405.2763671875, 2405.2763671875, 2405.2763671875, 2405.2763671875, 2405.2763671875, 2405.2763671875, 2405.2763671875, 2405.2763671875, 2405.2763671875, 2405.2763671875, 2405.2763671875, 2405.2763671875, 2405.2763671875, 2405.2763671875, 2405.2763671875, 2405.2763671875, 2405.2763671875, 2405.2763671875, 2405.2763671875, 2143.14453125, 2143.14453125, 2143.14453125, 2143.14453125, 2143.14453125, 2143.14453125, 2143.14453125, 2143.14453125, 2143.14453125, 2143.14453125, 2143.14453125, 2143.14453125]}
  ],
  "function-name": "schwefel",
  "global_minimum": "0.000000"
}
