{
  "analysis": [
    {"run_evolution_hillclimb_best_improve": [51.68650817871094, 51.68650817871094, 51.68650817871094, 51.68650817871094, 51.68650817871094, 51.68650817871094, 51.68650817871094, 51.68650817871094, 51.68650817871094, 51.68650817871094, 51.68650817871094, 51.68650817871094, 51.68650817871094, 51.68650817871094, 51.68650817871094, 51.68650817871094, 51.68650817871094, 51.68650817871094, 51.68650817871094, 51.68650817871094, 51.68650817871094, 51.68650817871094, 51.68650817871094, 51.68650817871094, 51.68650817871094, 51.68650817871094, 51.68650817871094, 51.68650817871094, 51.68650817871094, 51.68650817871094, 51.68650817871094, 51.68650817871094, 51.68650817871094, 51.68650817871094, 51.68650817871094, 51.68650817871094, 51.68650817871094, 51.68650817871094, 51.68650817871094, 51.68650817871094, 51.68650817871094, 51.68650817871094, 51.68650817871094, 51.68650817871094, 51.68650817871094, 51.68650817871094, 51.68650817871094, 51.68650817871094, 51.68650817871094, 51.68650817871094, 51.68650817871094, 51.68650817871094, 51.68650817871094, 51.68650817871094, 51.68650817871094, 51.68650817871094, 51.68650817871094, 51.68650817871094, 51.68650817871094, 51.68650817871094, 51.68650817871094, 51.68650817871094, 51.68650817871094, 51.68650817871094, 51.68650817871094, 51.68650817871094, 51.68650817871094, 51.68650817871094, 51.68650817871094, 51.68650817871094, 51.68650817871094, 51.68650817871094, 51.68650817871094, 51.68650817871094, 51.68650817871094, 51.68650817871094, 51.68650817871094, 51.68650817871094, 51.68650817871094, 51.68650817871094, 51.68650817871094, 51.68650817871094, 51.68650817871094, 51.68650817871094, 51.68650817871094, 51.68650817871094, 51.68650817871094, 51.68650817871094, 51.68650817871094, 51.68650817871094, 51.68650817871094, 51.68650817871094, 51.68650817871094, 51.68650817871094, 51.68650817871094, 51.68650817871094, 51.68650817871094, 51.68650817871094, 51.68650817871094, 51.68650817871094]},
    {"run_evolution_simulated_annealing": [7011.09375, 7011.09375, 7011.09375, 3788.305908203125, 3788.305908203125, 3788.305908203125, 3788.305908203125, 3788.305908203125, 3788.305908203125, 640.2260131835938, 640.2260131835938, 640.2260131835938, 640.2260131835938, 640.2260131835938, 640.2260131835938, 640.2260131835938, 640.2260131835938, 640.2260131835938, 640.2260131835938, 640.2260131835938, 640.2260131835938, 640.2260131835938, 640.2260131835938, 640.2260131835938, 640.2260131835938, 640.2260131835938, 640.2260131835938, 640.2260131835938, 640.2260131835938, 640.2260131835938, 640.2260131835938, 640.2260131835938, 640.2260131835938, 640.2260131835938, 640.2260131835938, 640.2260131835938, 640.2260131835938, 640.2260131835938, 640.2260131835938, 640.2260131835938, 640.2260131835938, 640.2260131835938, 640.2260131835938, 640.2260131835938, 640.2260131835938, 640.2260131835938, 640.2260131835938, 640.2260131835938, 640.2260131835938, 640.2260131835938, 640.2260131835938, 640.2260131835938, 640.2260131835938, 640.2260131835938, 640.2260131835938, 640.2260131835938, 640.2260131835938, 640.2260131835938, 640.2260131835938, 640.2260131835938, 640.2260131835938, 640.2260131835938, 640.2260131835938, 640.2260131835938, 640.2260131835938, 640.2260131835938, 640.2260131835938, 640.2260131835938, 640.2260131835938, 640.2260131835938, 640.2260131835938, 640.2260131835938, 640.2260131835938, 640.2260131835938, 640.2260131835938, 640.2260131835938, 640.2260131835938, 640.2260131835938, 640.2260131835938, 640.2260131835938, 640.2260131835938, 640.2260131835938, 640.2260131835938, 640.2260131835938, 640.2260131835938, 640.2260131835938, 640.2260131835938, 640.2260131835938, 640.2260131835938, 640.2260131835938, 640.2260131835938, 640.2260131835938, 640.2260131835938, 640.2260131835938, 640.2260131835938, 640.2260131835938, 640.2260131835938, 640.2260131835938, 640.2260131835938, 640.2260131835938, 640.2260131835938]}
  ],
  "function-name": "rosenbrock",
  "global_minimum": "0.000000"
}
