{"analysis":[{"algorythm-name":"genetic_algorithm","deltas":[6577257,6580684,6551620,6754962,6537085,7423306,7214284,7730029,7813244,7836175,7788530,7692627,7774453,7030129,6714771,6616276,6566830,6576647,6621224,6577834,6549338,6548438,6527738,7066783,7914444,6924243,6748326,6745737,6621375,6532395],"dimension":5,"results":["0.104248","0.104248","0.001221","0.103516","0.001709","0.001221","0.001221","0.103516","0.001221","0.104248","0.104248","0.103516","0.000488","0.000488","0.207764","0.000000","0.000000","0.104248","0.104980","0.104248","0.104980","0.103516","0.002930","0.104248","0.104736","0.104248","0.001221","0.104248","0.104248","0.000488"]},{"algorythm-name":"genetic_algorithm","deltas":[12819822,13345565,15294160,13326110,13578942,13297295,13851478,14093628,15756690,18166564,17319588,17203022,17851460,18502175,18329178,18144975,18874120,19139927,21393860,21844255,19038523,20555774,22402916,21532946,16681764,18080057,18337578,18012121,17472702,17116476],"dimension":10,"results":["0.210449","0.105469","0.208984","0.106445","0.312988","0.106934","0.208008","0.311523","0.209473","0.210938","0.312012","0.208984","0.208008","0.210449","0.208496","0.210938","0.312988","0.311523","0.105469","0.208984","0.311523","0.107422","0.313477","0.312500","0.208008","0.209961","0.312012","0.106445","0.208984","0.105469"]},{"algorythm-name":"genetic_algorithm","deltas":[46314031,45249632,44489538,41242228,41661509,41291106,41045404,41457863,41439756,41240107,40898248,40998571,40794063,40787986,40934702,41067149,41325791,40605304,40429638,40538983,40568343,40536907,40502549,40509805,40550601,40528499,40627216,40409418,40444821,40384782],"dimension":30,"results":["275.946289","446.533203","104.424805","62.844727","188.609375","295.499023","319.933594","311.249023","172.841797","442.652344","310.582031","280.448242","173.303711","408.323242","261.573242","506.460938","138.869141","356.335938","379.640625","258.022461","346.031250","402.356445","340.976563","379.627930","276.060547","360.495117","62.543945","224.251953","366.416016","463.107422"]},["run_evolution",[10192.166015625,7759.93408203125,6990.005859375,6293.6943359375,5926.73095703125,6025.966796875,5651.8154296875,5208.67041015625,4700.19921875,4522.4189453125,3858.234375,3734.7587890625,3630.154296875,3451.87109375,3564.3505859375,3662.8828125,3510.330078125,3451.978515625,3385.15625,3171.974609375,3117.16015625,3033.72265625,2879.7626953125,2838.4169921875,2767.9775390625,2672.646484375,2711.8876953125,2635.0693359375,2605.1767578125,2662.6650390625,2554.73046875,2316.3642578125,2312.2919921875,2315.7138671875,2222.0576171875,2113.8017578125,2058.7373046875,2125.775390625,2030.787109375,2068.669921875,2043.359375,1760.3369140625,1761.9248046875,1749.78125,1738.052734375,1759.9150390625,1719.53125,1707.216796875,1712.0380859375,1685.78515625,1655.974609375,1627.6650390625,1598.009765625,1589.7529296875,1588.16015625,1574.9677734375,1585.9931640625,1540.4482421875,1517.33984375,1443.09375,1367.8583984375,1310.4697265625,1298.6123046875,1295.7275390625,1282.0732421875,1280.85546875,1267.0322265625,1282.6640625,1284.2841796875,1284.0712890625,1280.3095703125,1273.2216796875,1288.9345703125,1268.619140625,1269.3408203125,1268.0263671875,1270.1494140625,1208.361328125,1191.658203125,1152.8876953125,1148.8974609375,1176.0068359375,1168.2490234375,1153.84765625,1150.056640625,1141.7451171875,1147.0146484375,1169.6181640625,1149.119140625,1146.3994140625,1146.9130859375,1131.6357421875,1123.50390625,1133.25,1127.103515625,1128.888671875,1119.9560546875,1119.421875,1119.208984375,1126.1083984375]]],"function-name":"schwefel","global_minimum":"0.000000"}
