{
  "analysis": [
    {"run_evolution_hillclimb_best_improve": [73.38311767578125, 67.3157958984375, 63.75389099121094, 63.75389099121094, 55.09153747558594, 55.09153747558594, 55.09153747558594, 52.681549072265625, 52.681549072265625, 52.681549072265625, 52.681549072265625, 48.721405029296875, 48.721405029296875, 48.721405029296875, 48.721405029296875, 48.628082275390625, 48.628082275390625, 48.628082275390625, 48.628082275390625, 48.628082275390625, 48.628082275390625, 48.628082275390625, 48.628082275390625, 48.628082275390625, 48.628082275390625, 48.628082275390625, 45.39048767089844, 45.39048767089844, 45.39048767089844, 45.39048767089844, 45.39048767089844, 43.56243896484375, 43.56243896484375, 43.56243896484375, 43.56243896484375, 43.56243896484375, 43.56243896484375, 43.56243896484375, 31.860870361328125, 31.860870361328125, 31.860870361328125, 31.860870361328125, 31.860870361328125, 31.860870361328125, 31.860870361328125, 31.860870361328125, 31.860870361328125, 31.860870361328125, 31.860870361328125, 31.860870361328125, 31.860870361328125, 31.860870361328125, 31.860870361328125, 31.860870361328125, 31.860870361328125, 31.860870361328125, 31.860870361328125, 31.860870361328125, 31.860870361328125, 31.860870361328125, 31.860870361328125, 31.860870361328125, 31.860870361328125, 31.860870361328125, 31.860870361328125, 31.860870361328125, 31.860870361328125, 31.860870361328125, 31.860870361328125, 31.860870361328125, 31.860870361328125, 31.860870361328125, 31.860870361328125, 31.860870361328125, 31.860870361328125, 31.860870361328125, 31.860870361328125, 31.860870361328125, 31.860870361328125, 31.860870361328125, 31.860870361328125, 31.860870361328125, 31.860870361328125, 31.860870361328125, 31.860870361328125, 31.860870361328125, 31.860870361328125, 31.860870361328125, 31.860870361328125, 31.860870361328125, 31.860870361328125, 31.860870361328125, 31.860870361328125, 31.860870361328125, 31.860870361328125, 31.860870361328125, 31.860870361328125, 31.860870361328125, 31.860870361328125, 31.860870361328125]},
    {"run_evolution_simulated_annealing": [50.76460266113281, 50.76460266113281, 50.76460266113281, 50.76460266113281, 50.76460266113281, 50.76460266113281, 50.76460266113281, 50.76460266113281, 45.99009704589844, 45.99009704589844, 45.99009704589844, 45.99009704589844, 45.99009704589844, 45.99009704589844, 45.99009704589844, 45.99009704589844, 45.99009704589844, 45.99009704589844, 45.99009704589844, 42.228179931640625, 42.228179931640625, 42.228179931640625, 42.228179931640625, 42.228179931640625, 42.228179931640625, 42.228179931640625, 42.228179931640625, 42.228179931640625, 42.228179931640625, 42.228179931640625, 42.228179931640625, 42.228179931640625, 42.228179931640625, 42.228179931640625, 42.228179931640625, 42.228179931640625, 42.228179931640625, 42.228179931640625, 42.228179931640625, 42.228179931640625, 41.755126953125, 41.755126953125, 41.755126953125, 41.755126953125, 41.755126953125, 41.755126953125, 41.755126953125, 41.755126953125, 41.755126953125, 41.755126953125, 41.755126953125, 41.755126953125, 41.755126953125, 41.755126953125, 41.755126953125, 41.755126953125, 41.755126953125, 41.755126953125, 41.755126953125, 41.755126953125, 41.755126953125, 41.755126953125, 41.755126953125, 41.755126953125, 41.755126953125, 41.755126953125, 41.755126953125, 41.755126953125, 41.755126953125, 41.755126953125, 41.755126953125, 41.755126953125, 41.755126953125, 41.755126953125, 41.755126953125, 41.755126953125, 41.755126953125, 41.755126953125, 41.755126953125, 41.755126953125, 41.755126953125, 41.755126953125, 41.755126953125, 41.755126953125, 41.755126953125, 41.755126953125, 41.755126953125, 41.755126953125, 41.755126953125, 41.755126953125, 41.755126953125, 41.755126953125, 41.755126953125, 41.755126953125, 41.755126953125, 41.755126953125, 41.755126953125, 41.755126953125, 41.755126953125, 41.755126953125, 41.755126953125]}
  ],
  "function-name": "rastrigin",
  "global_minimum": "0.000000"
}
