{
  "analysis": [{
      "algorythm-name": "genetic_algorithm",
      "deltas": [4676872, 4809779, 4695517, 4772271, 4778485, 4932913, 4815924, 5377169, 5416075, 5265518, 5706581, 5553694, 5635870, 5780897, 5648768, 5530348, 5585524, 5568694, 5138238, 4949254, 4717063, 4725488, 4709171, 4713152, 4675220, 4723950, 4735379, 4717724, 4719260, 4737429],
      "dimension": 5,
      "results": ["0.000000", "0.000000", "0.000000", "0.000000", "0.000000", "0.000000", "0.000000", "0.000000", "0.000000", "0.000000", "0.000000", "0.000000", "0.000000", "0.000000", "0.000000", "0.000000", "0.000000", "0.000000", "0.000000", "0.000000", "0.000000", "0.000000", "0.000000", "0.000000", "0.000000", "0.000000", "0.000000", "0.000000", "0.000000", "0.000000"]
    }, {
      "algorythm-name": "genetic_algorithm",
      "deltas": [9370121, 10657291, 10279135, 9791279, 9593193, 9477741, 9279028, 9332570, 11317813, 10347397, 9680134, 9531567, 9883905, 9633305, 9734481, 10756665, 10145939, 11592679, 13553131, 12634621, 13219713, 12820572, 12682757, 12860154, 13853114, 13573451, 13273459, 13578246, 14561917, 14334405],
      "dimension": 10,
      "results": ["0.000000", "0.000000", "0.000000", "0.000000", "0.000000", "0.000000", "0.000000", "0.000000", "0.000000", "0.000000", "0.000000", "0.000000", "0.000000", "0.000000", "0.000000", "0.000000", "0.000000", "0.000000", "0.000000", "0.000000", "0.000000", "0.000000", "0.000000", "0.000000", "0.000000", "0.000000", "0.000000", "0.000000", "0.000000", "0.000000"]
    }, {
      "algorythm-name": "genetic_algorithm",
      "deltas": [46793181, 44299040, 45964897, 37221745, 39410631, 34496661, 31306704, 30276615, 32525419, 29342881, 28128141, 27930482, 28578943, 27916581, 27983974, 27865867, 28085360, 28355398, 28218690, 28008771, 27832542, 27772528, 27907107, 27819205, 27937163, 27600866, 27650425, 28149725, 27699694, 28081882],
      "dimension": 30,
      "results": ["0.000094", "0.000056", "0.000043", "0.000076", "0.000061", "0.000042", "0.000039", "0.000057", "0.000069", "0.000080", "0.000047", "0.000042", "0.000045", "0.000070", "0.000055", "0.000046", "0.000072", "0.000046", "0.000121", "0.000078", "0.000054", "0.000036", "0.000067", "0.000037", "0.000070", "0.000084", "0.000040", "0.000094", "0.000084", "0.000042"]
    },
    {"run_evolution_genetic_algorithm": [183.28257751464844, 122.10296630859375, 97.55873107910156, 76.81785583496094, 54.933982849121094, 37.836849212646484, 30.070362091064453, 20.289236068725586, 14.645217895507813, 13.687129020690918, 13.010028839111328, 11.470861434936523, 8.168391227722168, 6.427878379821777, 5.170849323272705, 4.084851264953613, 4.555041790008545, 7.695547580718994, 5.697065830230713, 3.4623372554779053, 3.7020692825317383, 3.1231069564819336, 1.6309926509857178, 0.9657977223396301, 0.8163429498672485, 0.7849102020263672, 1.0193982124328613, 0.9821025133132935, 0.6914535760879517, 0.6309678554534912, 0.49285638332366943, 0.4106774628162384, 0.45590102672576904, 0.32495617866516113, 0.25468549132347107, 0.23394805192947388, 0.336635023355484, 0.2675027549266815, 0.22302021086215973, 0.3156912922859192, 0.3014468848705292, 0.39435744285583496, 0.24384291470050812, 0.19474926590919495, 0.25238728523254395, 0.2438323050737381, 0.16235831379890442, 0.16684935986995697, 0.21017234027385712, 0.17678137123584747, 0.16170617938041687, 0.15187986195087433, 0.2460911124944687, 0.3209086060523987, 0.20049817860126495, 0.3014630675315857, 0.2721744179725647, 0.10801035910844803, 0.11169292032718658, 0.09402685612440109, 0.06821191310882568, 0.13567990064620972, 0.07406549900770187, 0.04360581189393997, 0.04653081297874451, 0.04320359230041504, 0.03397412598133087, 0.02966425009071827, 0.03870389237999916, 0.029601052403450012, 0.027652615681290627, 0.02304348163306713, 0.01865343749523163, 0.016011716797947884, 0.01501530222594738, 0.014499970711767673, 0.017685910686850548, 0.015385115519165993, 0.015137276612222195, 0.01476318296045065, 0.023126771673560143, 0.018008766695857048, 0.013923143967986107, 0.006732576992362738, 0.009232721291482449, 0.009814763441681862, 0.016741016879677773, 0.0157734677195549, 0.040990568697452545, 0.020557282492518425, 0.019573543220758438, 0.017758075147867203, 0.01757246069610119, 0.011567584238946438, 0.016231629997491837, 0.0253691915422678, 0.025953488424420357, 0.034411512315273285, 0.024591324850916862, 0.0506359301507473, 0.04529945179820061]}
  ],
  "function-name": "sphere",
  "global_minimum": "0.000000"
}
