{
  "analysis": [{
      "algorythm-name": "genetic_algorithm",
      "deltas": [5007551, 4928486, 4895778, 4878224, 4899556, 4881395, 4870823, 4875865, 4904799, 4902265, 4903508, 4897553, 4897176, 4871691, 4883340, 4862487, 4899257, 4870989, 4879823, 4860202, 4847369, 4866812, 4853492, 4847103, 4849772, 4868830, 4868773, 4867352, 4869706, 4857176],
      "dimension": 5,
      "results": ["0.000000", "0.000000", "0.000000", "0.000000", "0.000000", "0.000000", "0.000000", "0.000000", "0.000000", "0.000000", "0.000000", "0.000000", "0.000000", "0.000000", "0.000000", "1.235825", "0.000000", "0.000000", "0.000000", "0.000000", "0.000000", "0.000000", "0.000000", "0.000000", "1.235825", "0.000000", "0.000000", "0.000000", "0.000000", "0.000000"]
    }, {
      "algorythm-name": "genetic_algorithm",
      "deltas": [9527778, 9573244, 9547077, 9528094, 9493007, 9514616, 9525988, 9544181, 9585979, 9560983, 9562798, 9538379, 9556190, 9556106, 9523491, 9554924, 9580493, 9546904, 9598231, 9616941, 9547618, 9542857, 9584417, 9534755, 9537127, 9540124, 9581406, 9533049, 9552997, 9511391],
      "dimension": 10,
      "results": ["2.471649", "1.235825", "2.471649", "1.235825", "2.471649", "0.000000", "1.235825", "2.471649", "1.235825", "1.235825", "1.235825", "2.471649", "0.000000", "0.000000", "0.000000", "1.235825", "0.000000", "1.235825", "1.235825", "2.471649", "1.235825", "1.235825", "1.235825", "0.000000", "1.235825", "1.235825", "0.000000", "1.235825", "1.235825", "1.235825"]
    }, {
      "algorythm-name": "genetic_algorithm",
      "deltas": [28813827, 28856515, 28832353, 28918893, 28882011, 28899816, 28843319, 28841116, 28916654, 28716049, 28794159, 28929062, 29033265, 29237245, 28979521, 28881637, 28823042, 28981260, 28743924, 28994873, 28995910, 28828444, 28750681, 29074730, 28718423, 28632457, 28791386, 30098277, 32021174, 29381707],
      "dimension": 30,
      "results": ["9.010193", "18.862701", "10.364685", "14.847382", "16.423187", "19.192078", "18.383759", "17.950836", "17.930450", "11.915161", "19.618011", "17.372681", "18.010620", "15.722168", "21.436279", "17.151550", "19.414124", "19.096527", "14.681458", "16.134003", "18.002350", "18.049103", "20.153564", "16.732300", "17.524109", "11.273895", "14.436890", "22.388794", "20.106476", "18.245422"]
    },
    {"run_evolution_genetic_algorithm":[402.68670654296875, 342.2129821777344, 324.9365234375, 295.2395935058594, 270.45654296875, 212.20278930664063, 203.88186645507813, 173.68072509765625, 167.15206909179688, 155.31195068359375, 133.190673828125, 124.94691467285156, 130.00961303710938, 107.86494445800781, 118.14424133300781, 122.03399658203125, 102.30021667480469, 84.02946472167969, 81.73391723632813, 84.94137573242188, 82.470703125, 74.41412353515625, 71.353515625, 70.22972106933594, 69.84140014648438, 64.81980895996094, 80.04826354980469, 68.12820434570313, 66.11476135253906, 64.67135620117188, 65.01399230957031, 70.03779602050781, 77.16607666015625, 71.34375, 74.10531616210938, 67.17195129394531, 55.586151123046875, 54.37518310546875, 55.99824523925781, 52.091094970703125, 50.84791564941406, 48.518585205078125, 48.563385009765625, 47.20367431640625, 49.28263854980469, 61.975555419921875, 59.780029296875, 50.074371337890625, 46.47309875488281, 43.71087646484375, 42.7742919921875, 44.38835144042969, 45.391143798828125, 44.18721008300781, 41.500640869140625, 39.18927001953125, 36.004669189453125, 38.15521240234375, 34.901153564453125, 36.334869384765625, 47.273406982421875, 45.19830322265625, 37.44549560546875, 32.78656005859375, 33.69293212890625, 33.73602294921875, 31.962371826171875, 37.070587158203125, 35.28179931640625, 34.176177978515625, 34.759185791015625, 33.8695068359375, 31.944122314453125, 30.929412841796875, 30.558929443359375, 30.70599365234375, 29.37579345703125, 29.17205810546875, 29.386932373046875, 29.57684326171875, 27.419891357421875, 27.773712158203125, 31.567626953125, 33.2335205078125, 29.097320556640625, 28.685943603515625, 27.00445556640625, 26.461578369140625, 26.6710205078125, 26.483642578125, 26.2508544921875, 26.1165771484375, 25.517578125, 25.2847900390625, 25.269287109375, 25.687286376953125, 24.957733154296875, 25.909576416015625, 25.4532470703125, 25.45513916015625, 25.08258056640625]}
  ],
  "function-name": "rastrigin",
  "global_minimum": "0.000000"
}
