{
  "analysis": [{
      "algorythm-name": "genetic_algorithm",
      "deltas": [6577257, 6580684, 6551620, 6754962, 6537085, 7423306, 7214284, 7730029, 7813244, 7836175, 7788530, 7692627, 7774453, 7030129, 6714771, 6616276, 6566830, 6576647, 6621224, 6577834, 6549338, 6548438, 6527738, 7066783, 7914444, 6924243, 6748326, 6745737, 6621375, 6532395],
      "dimension": 5,
      "results": ["0.104248", "0.104248", "0.001221", "0.103516", "0.001709", "0.001221", "0.001221", "0.103516", "0.001221", "0.104248", "0.104248", "0.103516", "0.000488", "0.000488", "0.207764", "0.000000", "0.000000", "0.104248", "0.104980", "0.104248", "0.104980", "0.103516", "0.002930", "0.104248", "0.104736", "0.104248", "0.001221", "0.104248", "0.104248", "0.000488"]
    }, {
      "algorythm-name": "genetic_algorithm",
      "deltas": [12819822, 13345565, 15294160, 13326110, 13578942, 13297295, 13851478, 14093628, 15756690, 18166564, 17319588, 17203022, 17851460, 18502175, 18329178, 18144975, 18874120, 19139927, 21393860, 21844255, 19038523, 20555774, 22402916, 21532946, 16681764, 18080057, 18337578, 18012121, 17472702, 17116476],
      "dimension": 10,
      "results": ["0.210449", "0.105469", "0.208984", "0.106445", "0.312988", "0.106934", "0.208008", "0.311523", "0.209473", "0.210938", "0.312012", "0.208984", "0.208008", "0.210449", "0.208496", "0.210938", "0.312988", "0.311523", "0.105469", "0.208984", "0.311523", "0.107422", "0.313477", "0.312500", "0.208008", "0.209961", "0.312012", "0.106445", "0.208984", "0.105469"]
    }, {
      "algorythm-name": "genetic_algorithm",
      "deltas": [46314031, 45249632, 44489538, 41242228, 41661509, 41291106, 41045404, 41457863, 41439756, 41240107, 40898248, 40998571, 40794063, 40787986, 40934702, 41067149, 41325791, 40605304, 40429638, 40538983, 40568343, 40536907, 40502549, 40509805, 40550601, 40528499, 40627216, 40409418, 40444821, 40384782],
      "dimension": 30,
      "results": ["275.946289", "446.533203", "104.424805", "62.844727", "188.609375", "295.499023", "319.933594", "311.249023", "172.841797", "442.652344", "310.582031", "280.448242", "173.303711", "408.323242", "261.573242", "506.460938", "138.869141", "356.335938", "379.640625", "258.022461", "346.031250", "402.356445", "340.976563", "379.627930", "276.060547", "360.495117", "62.543945", "224.251953", "366.416016", "463.107422"]
    },
    {"run_evolution_genetic_algorithm": [9422.5087890625, 7864.22412109375, 6315.39306640625, 5935.19287109375, 5155.6005859375, 4509.32861328125, 4475.8701171875, 3956.1513671875, 3707.5185546875, 3754.0380859375, 3532.36328125, 2911.244140625, 2901.2958984375, 2780.9541015625, 2305.22265625, 2223.0439453125, 2388.9013671875, 2216.4599609375, 2064.787109375, 1991.3310546875, 1932.591796875, 1886.2177734375, 1738.568359375, 1614.7119140625, 1593.3095703125, 1568.69921875, 1585.9599609375, 1569.970703125, 1928.046875, 1587.18359375, 1243.3984375, 1250.2666015625, 1213.8798828125, 1181.173828125, 1157.7099609375, 1146.560546875, 1125.8447265625, 1100.6171875, 1077.89453125, 1054.0361328125, 1036.7822265625, 1031.0693359375, 1035.2158203125, 1028.74609375, 1043.8125, 1037.83984375, 1035.2978515625, 1029.81640625, 1035.796875, 1040.93359375, 1063.7998046875, 1006.55078125, 996.9873046875, 971.7978515625, 966.2509765625, 970.306640625, 945.294921875, 922.7724609375, 902.75, 865.51953125, 860.935546875, 859.740234375, 863.0458984375, 867.6728515625, 842.673828125, 823.205078125, 802.154296875, 800.951171875, 790.9775390625, 747.9833984375, 758.6884765625, 755.53515625, 782.705078125, 745.0703125, 747.923828125, 748.1376953125, 778.849609375, 749.689453125, 731.0458984375, 725.2890625, 728.3837890625, 730.2353515625, 757.1376953125, 751.8916015625, 731.1806640625, 730.388671875, 727.53125, 728.7236328125, 727.970703125, 732.4248046875, 727.939453125, 733.9794921875, 741.3056640625, 737.6181640625, 733.30859375, 755.6435546875, 734.8056640625, 729.2421875, 728.3125, 725.794921875, 724.7841796875]}
  ],
  "function-name": "schwefel",
  "global_minimum": "0.000000"
}
