{
  "analysis": [
    {
        "algorythm-name": "genetic_algorithm",
        "deltas": [4976876, 5060040, 5001389, 5045114, 5234021, 4993931, 5098923, 5971750, 5483049, 6059875, 5918452, 5949501, 6125822, 5981442, 5866156, 5906276, 5851289, 5446240, 5163271, 4986400, 5046888, 4968352, 4961799, 5005461, 5077131, 4972031, 5020866, 5107131, 4987684, 4995663],
        "dimension": 5,
        "results": ["3.619424", "0.981692", "2.215672", "2.279639", "0.981153", "1.021974", "2.279922", "1.873985", "3.100663", "3.131621", "2.331434", "3.100488", "3.185653", "0.438650", "2.284159", "2.140931", "3.347809", "0.378763", "1.225749", "3.133632", "3.110327", "3.751559", "3.090740", "3.244245", "3.619545", "2.166826", "0.957066", "3.228795", "0.222531", "2.208786"]
      }, {
        "algorythm-name": "genetic_algorithm",
        "deltas": [11235932, 10597244, 10142381, 10032188, 9858906, 9757041, 9965498, 12013656, 10455397, 10157272, 9934830, 10664063, 10111706, 10759587, 11031412, 10500195, 14826520, 13469588, 13127989, 13428388, 13322913, 13371825, 14153506, 14488329, 13303679, 14032906, 14821549, 14403802, 16047201, 16973064],
        "dimension": 10,
        "results": ["5.976196", "8.060280", "4.355838", "5.710038", "8.071273", "7.233210", "7.208600", "8.100698", "8.226674", "8.261356", "8.226122", "8.337951", "6.886473", "8.070778", "8.133680", "7.456899", "8.103554", "8.084763", "7.264025", "8.060883", "8.159576", "7.767980", "8.261395", "7.187710", "7.810297", "7.210796", "7.146870", "8.090499", "6.633325", "7.249855"]
      }, {
        "algorythm-name": "genetic_algorithm",
        "deltas": [44697077, 49786586, 39807379, 41266958, 36795211, 32861955, 31768085, 34095602, 30127996, 29386767, 29533128, 29643843, 29342468, 29332381, 29306911, 29418669, 29658339, 29386485, 29486423, 29122232, 29050616, 29460960, 28977978, 29100381, 29041421, 29386079, 29067674, 29576427, 28938078, 29025302],
        "dimension": 30,
        "results": ["27.174454", "28.569002", "28.257210", "25.249273", "28.944223", "27.766020", "28.870005", "28.715969", "28.117849", "27.882042", "29.713661", "28.135649", "28.222363", "28.666800", "28.738066", "27.288664", "28.732267", "28.166052", "27.772572", "28.785561", "28.334236", "28.205826", "27.441975", "28.861607", "28.702204", "27.428011", "28.084555", "28.664724", "28.968527", "28.758018"]
      },
    {"run_evolution_genetic_algorithm": [1978243.375, 827373.875, 343689.0625, 380359.34375, 302460.84375, 115401.4140625, 123483.3828125, 75421.265625, 72681.640625, 43859.70703125, 33705.81640625, 28970.55078125, 23287.20703125, 16271.7080078125, 9185.041015625, 8275.4248046875, 11516.5068359375, 5537.42529296875, 4096.068359375, 1509.7506103515625, 1027.33154296875, 1816.0306396484375, 1953.6256103515625, 1033.48095703125, 818.5560302734375, 582.7820434570313, 769.9976196289063, 693.9505004882813, 385.8031921386719, 376.3837585449219, 317.3194885253906, 330.460205078125, 286.2310791015625, 269.5706787109375, 214.67623901367188, 250.70993041992188, 240.5443878173828, 267.56866455078125, 273.97796630859375, 199.4553985595703, 198.57827758789063, 190.26116943359375, 249.06044006347656, 242.7743377685547, 235.2512664794922, 314.8126220703125, 263.3648376464844, 229.14671325683594, 219.6663055419922, 211.64822387695313, 217.0726776123047, 219.98948669433594, 221.74855041503906, 169.78134155273438, 159.90670776367188, 157.1678466796875, 153.1932830810547, 167.55465698242188, 185.14117431640625, 197.9508819580078, 188.4247283935547, 151.84815979003906, 150.47120666503906, 155.95431518554688, 164.36825561523438, 176.32875061035156, 168.09893798828125, 157.67832946777344, 160.18695068359375, 165.5591583251953, 151.14552307128906, 149.1453857421875, 146.38914489746094, 147.62371826171875, 145.43118286132813, 154.4142303466797, 152.195556640625, 150.21139526367188, 149.60537719726563, 152.7975311279297, 155.10743713378906, 236.20230102539063, 127.88908386230469, 111.81248474121094, 86.3631591796875, 84.78760528564453, 79.47313690185547, 75.93568420410156, 75.6155776977539, 71.98358154296875, 70.94000244140625, 70.74490356445313, 72.80107879638672, 72.9320297241211, 72.81471252441406, 72.26565551757813, 70.39313507080078, 70.6739501953125, 70.57091522216797, 71.72489166259766, 73.71263885498047]}
  ],
  "function-name": "rosenbrock",
  "global_minimum": "0.000000"
}
