{"analysis":[{"algorythm-name":"genetic_algorithm","deltas":[4676872,4809779,4695517,4772271,4778485,4932913,4815924,5377169,5416075,5265518,5706581,5553694,5635870,5780897,5648768,5530348,5585524,5568694,5138238,4949254,4717063,4725488,4709171,4713152,4675220,4723950,4735379,4717724,4719260,4737429],"dimension":5,"results":["0.000000","0.000000","0.000000","0.000000","0.000000","0.000000","0.000000","0.000000","0.000000","0.000000","0.000000","0.000000","0.000000","0.000000","0.000000","0.000000","0.000000","0.000000","0.000000","0.000000","0.000000","0.000000","0.000000","0.000000","0.000000","0.000000","0.000000","0.000000","0.000000","0.000000"]},{"algorythm-name":"genetic_algorithm","deltas":[9370121,10657291,10279135,9791279,9593193,9477741,9279028,9332570,11317813,10347397,9680134,9531567,9883905,9633305,9734481,10756665,10145939,11592679,13553131,12634621,13219713,12820572,12682757,12860154,13853114,13573451,13273459,13578246,14561917,14334405],"dimension":10,"results":["0.000000","0.000000","0.000000","0.000000","0.000000","0.000000","0.000000","0.000000","0.000000","0.000000","0.000000","0.000000","0.000000","0.000000","0.000000","0.000000","0.000000","0.000000","0.000000","0.000000","0.000000","0.000000","0.000000","0.000000","0.000000","0.000000","0.000000","0.000000","0.000000","0.000000"]},{"algorythm-name":"genetic_algorithm","deltas":[46793181,44299040,45964897,37221745,39410631,34496661,31306704,30276615,32525419,29342881,28128141,27930482,28578943,27916581,27983974,27865867,28085360,28355398,28218690,28008771,27832542,27772528,27907107,27819205,27937163,27600866,27650425,28149725,27699694,28081882],"dimension":30,"results":["0.000094","0.000056","0.000043","0.000076","0.000061","0.000042","0.000039","0.000057","0.000069","0.000080","0.000047","0.000042","0.000045","0.000070","0.000055","0.000046","0.000072","0.000046","0.000121","0.000078","0.000054","0.000036","0.000067","0.000037","0.000070","0.000084","0.000040","0.000094","0.000084","0.000042"]},["run_evolution",[166.12205505371094,103.31230926513672,44.14942169189453,33.08557891845703,23.39406967163086,29.101245880126953,20.02102279663086,13.633637428283691,12.923713684082031,14.288631439208984,8.681739807128906,9.763215065002441,8.916536331176758,8.145689964294434,7.766330718994141,6.250609874725342,3.8284761905670166,3.7940709590911865,3.192615270614624,1.8789654970169067,1.5147829055786133,3.8006582260131836,2.577517032623291,1.5119130611419678,1.103426456451416,1.414840817451477,1.2537425756454468,1.0983468294143677,0.8690364360809326,0.7719113826751709,0.8470079302787781,0.8434219360351563,0.8072939515113831,0.6514443159103394,0.5913124084472656,0.4166465401649475,0.3602181673049927,0.197081059217453,0.21952874958515167,0.3951934278011322,0.3130175769329071,0.3136043846607208,0.7281697988510132,0.46027082204818726,0.4363253712654114,0.31855684518814087,0.2997227907180786,0.14818839728832245,0.10940475016832352,0.3307974934577942,0.16304166615009308,0.1364535540342331,0.16011591255664825,0.1896195113658905,0.13020440936088562,0.1041574627161026,0.07938748598098755,0.08574142307043076,0.09695751965045929,0.08932461589574814,0.05432254448533058,0.044369954615831375,0.05046536400914192,0.03926445171236992,0.02733117714524269,0.01895800605416298,0.02243862673640251,0.015516466461122036,0.015681106597185135,0.04352954402565956,0.010363669134676456,0.04823411628603935,0.03862227499485016,0.03851514309644699,0.039050664752721786,0.0073483106680214405,0.051635559648275375,0.04167056456208229,0.04596422612667084,0.04116467386484146,0.017612339928746223,0.015008354559540749,0.0174011941999197,0.016908450052142143,0.019544849172234535,0.01188312191516161,0.007056803908199072,0.009840224869549274,0.01120908185839653,0.005868661683052778,0.01873807981610298,0.01663244143128395,0.014923788607120514,0.011771812103688717,0.011646121740341187,0.02643882855772972,0.028812870383262634,0.01225751731544733,0.00898383092135191,0.007163229398429394]]],"function-name":"sphere","global_minimum":"0.000000"}
