{"analysis":[{"algorythm-name":"genetic_algorithm","deltas":[5007551,4928486,4895778,4878224,4899556,4881395,4870823,4875865,4904799,4902265,4903508,4897553,4897176,4871691,4883340,4862487,4899257,4870989,4879823,4860202,4847369,4866812,4853492,4847103,4849772,4868830,4868773,4867352,4869706,4857176],"dimension":5,"results":["0.000000","0.000000","0.000000","0.000000","0.000000","0.000000","0.000000","0.000000","0.000000","0.000000","0.000000","0.000000","0.000000","0.000000","0.000000","1.235825","0.000000","0.000000","0.000000","0.000000","0.000000","0.000000","0.000000","0.000000","1.235825","0.000000","0.000000","0.000000","0.000000","0.000000"]},{"algorythm-name":"genetic_algorithm","deltas":[9527778,9573244,9547077,9528094,9493007,9514616,9525988,9544181,9585979,9560983,9562798,9538379,9556190,9556106,9523491,9554924,9580493,9546904,9598231,9616941,9547618,9542857,9584417,9534755,9537127,9540124,9581406,9533049,9552997,9511391],"dimension":10,"results":["2.471649","1.235825","2.471649","1.235825","2.471649","0.000000","1.235825","2.471649","1.235825","1.235825","1.235825","2.471649","0.000000","0.000000","0.000000","1.235825","0.000000","1.235825","1.235825","2.471649","1.235825","1.235825","1.235825","0.000000","1.235825","1.235825","0.000000","1.235825","1.235825","1.235825"]},{"algorythm-name":"genetic_algorithm","deltas":[28813827,28856515,28832353,28918893,28882011,28899816,28843319,28841116,28916654,28716049,28794159,28929062,29033265,29237245,28979521,28881637,28823042,28981260,28743924,28994873,28995910,28828444,28750681,29074730,28718423,28632457,28791386,30098277,32021174,29381707],"dimension":30,"results":["9.010193","18.862701","10.364685","14.847382","16.423187","19.192078","18.383759","17.950836","17.930450","11.915161","19.618011","17.372681","18.010620","15.722168","21.436279","17.151550","19.414124","19.096527","14.681458","16.134003","18.002350","18.049103","20.153564","16.732300","17.524109","11.273895","14.436890","22.388794","20.106476","18.245422"]},["run_evolution",[424.3544921875,316.044677734375,215.1650390625,184.14337158203125,168.0327606201172,136.54736328125,144.16549682617188,126.67958068847656,134.54931640625,128.49801635742188,113.18025207519531,102.86799621582031,115.4774169921875,106.76853942871094,103.22695922851563,112.26568603515625,115.53192138671875,89.38375854492188,87.8609619140625,98.36305236816406,97.56350708007813,77.62939453125,74.53781127929688,69.0091552734375,66.35340881347656,63.577880859375,61.59288024902344,58.02290344238281,52.657073974609375,51.82182312011719,48.850494384765625,47.814971923828125,64.84622192382813,55.19879150390625,56.042816162109375,55.110382080078125,50.43870544433594,45.9775390625,48.14585876464844,44.127593994140625,43.062530517578125,40.640533447265625,37.850799560546875,37.03265380859375,42.095184326171875,45.368438720703125,38.924102783203125,44.47245788574219,43.461761474609375,43.530487060546875,42.94793701171875,44.34831237792969,39.368316650390625,40.914398193359375,40.403472900390625,37.051544189453125,35.74310302734375,36.42864990234375,37.902984619140625,41.5648193359375,41.09051513671875,42.08123779296875,42.30364990234375,40.227874755859375,36.2989501953125,36.7515869140625,35.4278564453125,33.73077392578125,33.742401123046875,34.541534423828125,33.74859619140625,34.137847900390625,33.58013916015625,32.698486328125,34.67376708984375,35.942901611328125,33.022552490234375,32.65216064453125,32.0931396484375,31.840667724609375,31.140777587890625,30.88031005859375,31.019195556640625,30.776519775390625,39.34478759765625,37.839019775390625,37.7093505859375,37.23626708984375,34.209320068359375,34.2421875,33.893707275390625,33.862762451171875,34.993011474609375,35.038421630859375,34.555267333984375,33.87457275390625,35.109100341796875,35.20831298828125,35.979339599609375,34.450164794921875]]],"function-name":"rastrigin","global_minimum":"0.000000"}
