{
  "analysis": [{
    "algorythm-name": "adaptive_genetic_algorithm",
    "deltas": [5486031, 5499712, 6174282, 5588173, 5504318, 5268961, 5237608, 5330296, 5270307, 5237960, 5197340, 5332012, 5233122, 5213648, 5188452, 5150178, 5245765, 5301166, 5339881, 5262728, 5261542, 5242003, 5219638, 5248791, 5228988, 5236147, 5286884, 5232804, 5197289, 5195659],
    "dimension": 5,
    "results": ["0.000000", "0.000000", "0.000000", "0.000000", "0.000000", "0.000000", "0.000000", "0.000000", "0.000000", "0.000000", "0.000000", "0.000000", "0.000000", "0.000000", "0.000000", "0.000000", "0.000000", "0.000000", "0.000000", "0.000000", "0.000000", "0.000000", "0.000000", "0.000000", "0.000000", "0.000000", "0.000000", "0.000000", "0.000000", "0.000000"]
  }, {
    "algorythm-name": "adaptive_genetic_algorithm",
    "deltas": [9839054, 9801925, 9781018, 10500808, 9670718, 10211235, 10516585, 9874121, 9788120, 9802510, 9804061, 9867623, 9749586, 9717320, 9831902, 9937635, 9878007, 9804056, 9802114, 9777451, 9655909, 9631599, 9720046, 9755619, 9789219, 9773112, 9805840, 9704912, 9839014, 9758388],
    "dimension": 10,
    "results": ["0.000000", "0.000000", "0.000000", "0.000000", "0.000000", "0.000000", "0.000000", "0.000000", "0.000000", "0.000000", "0.000000", "0.000000", "0.000000", "0.000000", "0.000000", "0.000000", "0.000000", "0.000000", "0.000000", "0.000000", "0.000000", "0.000000", "0.000000", "0.000000", "0.000000", "0.000000", "0.000000", "0.000000", "0.000000", "0.000000"]
  }, {
    "algorythm-name": "adaptive_genetic_algorithm",
    "deltas": [28699281, 28705867, 29604626, 28433873, 29579437, 28556932, 28529280, 28682727, 28799369, 28908065, 28882725, 28666836, 29555296, 28635442, 28854459, 28620784, 28559548, 28437813, 28427068, 28813496, 28778157, 28998848, 32818287, 29601309, 29080320, 29028177, 30135774, 29540423, 29465300, 30353263],
    "dimension": 30,
    "results": ["0.000111", "0.000096", "0.000079", "0.000157", "0.000060", "0.000099", "0.000077", "0.000130", "0.000083", "0.000117", "0.000082", "0.000100", "0.000079", "0.000112", "0.000084", "0.000057", "0.000112", "0.000061", "0.000083", "0.000058", "0.000141", "0.000090", "0.000097", "0.000099", "0.000093", "0.000154", "0.000075", "0.000082", "0.000089", "0.000162"]
  }, {
    "run_evolution_adaptive_genetic_algorithm": [132.30438232421875, 90.37918090820313, 59.42910385131836, 45.63558578491211, 28.724853515625, 19.513662338256836, 14.976201057434082, 10.236618041992188, 7.795310974121094, 8.207479476928711, 7.077295780181885, 6.850683689117432, 4.622217655181885, 4.377242088317871, 3.7511394023895264, 4.091710567474365, 3.5321333408355713, 3.4512555599212646, 2.534032106399536, 2.193849802017212, 2.194173812866211, 1.6778502464294434, 1.845139980316162, 1.614260196685791, 1.490649938583374, 1.714534878730774, 1.6384022235870361, 1.6808151006698608, 1.048195719718933, 0.8383656144142151, 0.694534957408905, 0.6139354109764099, 0.31528881192207336, 0.2493957132101059, 0.25275468826293945, 0.22677938640117645, 0.2072201371192932, 0.16135011613368988, 0.28098374605178833, 0.3413243293762207, 0.6010171175003052, 0.64261394739151, 0.34063950181007385, 0.22290973365306854, 0.17057012021541595, 0.1390257626771927, 0.1420077532529831, 0.10747984796762466, 0.11984441429376602, 0.08953026682138443, 0.12482088059186935, 0.18490435183048248, 0.20773427188396454, 0.23808462917804718, 0.13577879965305328, 0.11571350693702698, 0.07025717198848724, 0.07250132411718369, 0.06576554477214813, 0.13803930580615997, 0.11035782098770142, 0.09712645411491394, 0.08041058480739594, 0.06227412819862366, 0.11801173537969589, 0.07892513275146484, 0.07250622659921646, 0.07317930459976196, 0.08158965408802032, 0.05642697960138321, 0.05229264125227928, 0.05449564382433891, 0.05924404785037041, 0.048035766929388046, 0.11094117164611816, 0.10881354659795761, 0.0997174084186554, 0.0967760682106018, 0.04160531610250473, 0.03577674925327301, 0.02964218519628048, 0.030855845659971237, 0.03118036687374115, 0.024428587406873703, 0.01809489168226719, 0.015583054162561893, 0.034390877932310104, 0.02751380391418934, 0.023756148293614388, 0.016333207488059998, 0.014903283677995205, 0.01222169864922762, 0.012783451937139034, 0.010738781653344631, 0.017761381343007088, 0.03341202065348625, 0.05225492641329765, 0.02570364624261856, 0.03233211115002632, 0.05514463782310486, 0.047136224806308746]
    }],
  "function-name": "sphere",
  "global_minimum": "0.000000"
}
