{
  "analysis": [{
    "algorythm-name": "adaptive_genetic_algorithm",
    "deltas": [7162048, 7710037, 7348080, 7136444, 6751751, 6872668, 6913919, 6847620, 6817952, 6839401, 6786024, 6735040, 6740852, 6852886, 6904312, 6873030, 6768021, 6837276, 6785326, 6781359, 6859041, 6783253, 6709185, 6815421, 6650922, 6704044, 6725851, 7050498, 7060048, 6653867],
    "dimension": 5,
    "results": ["0.000000", "0.000000", "0.000000", "0.000000", "0.000000", "0.000000", "0.000000", "0.000000", "0.000000", "0.000000", "0.000000", "0.000000", "0.000000", "0.000000", "0.000000", "0.000000", "0.000000", "0.000000", "-0.000244", "-0.000244", "0.000000", "0.000000", "0.000000", "0.000000", "0.000000", "0.000000", "0.000000", "0.000000", "0.000000", "0.000000"]
  }, {
    "algorythm-name": "adaptive_genetic_algorithm",
    "deltas": [13687047, 14194352, 13144288, 13319234, 13348680, 13242484, 13199846, 13521560, 13467071, 13411069, 13266736, 13205807, 13084562, 13307034, 13351616, 13381168, 13158247, 13382690, 13247349, 13224403, 13188623, 13276003, 13294846, 14041179, 13244484, 13251276, 13118715, 13627519, 13622559, 13187834],
    "dimension": 10,
    "results": ["0.000488", "0.000977", "0.000000", "0.104004", "0.000000", "0.103516", "0.000000", "0.103516", "0.000000", "0.000000", "0.103516", "0.103516", "0.000488", "0.103516", "0.000488", "0.103516", "0.000488", "0.103516", "0.000977", "0.000000", "0.000000", "0.000488", "0.104980", "0.207520", "0.000488", "0.000000", "0.000000", "0.001953", "0.001465", "0.001953"]
  }, {
    "algorythm-name": "adaptive_genetic_algorithm",
    "deltas": [39025599, 38981379, 39279708, 39440680, 39094548, 40000839, 39164623, 39086607, 38922010, 38747876, 39056912, 39273336, 43740863, 40086705, 39670275, 40854593, 40247098, 40903941, 39442651, 38075434, 37895942, 37793030, 37916084, 38513485, 37523851, 37703527, 37400720, 37468001, 37512921, 37417193],
    "dimension": 30,
    "results": ["0.890625", "0.611328", "0.616211", "0.629883", "0.719727", "0.602539", "0.757813", "0.957031", "1.176758", "0.656250", "0.828125", "1.088867", "0.894531", "0.561523", "1.006836", "0.732422", "0.853516", "0.985352", "0.980469", "0.497070", "0.802734", "0.975586", "1.209961", "0.944336", "0.671875", "0.673828", "0.597656", "1.211914", "0.503906", "1.010742"]
  }, {
      "run_evolution_adaptive_genetic_algorithm": [9954.9013671875, 8464.328125, 7400.40380859375, 6577.373046875, 5411.5732421875, 4962.87109375, 4583.27783203125, 4462.6201171875, 4360.4521484375, 3881.2373046875, 3710.4541015625, 3563.95703125, 3426.646484375, 3363.0205078125, 3343.078125, 3240.12109375, 3048.9931640625, 2978.6416015625, 2926.1494140625, 2904.71875, 2670.0234375, 2689.5244140625, 2433.232421875, 2195.5439453125, 2133.1904296875, 2162.61328125, 2095.8525390625, 1976.912109375, 1961.939453125, 1798.2607421875, 1589.7568359375, 1569.453125, 1550.91796875, 1552.2626953125, 1547.5732421875, 1458.15625, 1371.35546875, 1361.826171875, 1361.931640625, 1338.8037109375, 1358.1259765625, 1342.79296875, 1342.484375, 1332.3662109375, 1325.544921875, 1342.232421875, 1325.740234375, 1325.4765625, 1341.673828125, 1153.46875, 1139.287109375, 1118.9833984375, 1114.9892578125, 1116.130859375, 1109.173828125, 1108.12890625, 1102.6611328125, 1100.7958984375, 1125.615234375, 1118.5224609375, 952.7216796875, 936.7607421875, 912.814453125, 903.0224609375, 892.734375, 894.22265625, 893.0322265625, 891.478515625, 890.603515625, 889.595703125, 884.376953125, 883.5517578125, 749.080078125, 737.1083984375, 715.5068359375, 713.9296875, 712.6162109375, 710.69921875, 568.044921875, 525.7177734375, 483.8173828125, 470.76171875, 457.9873046875, 450.65625, 446.17578125, 467.1875, 463.9384765625, 462.3525390625, 460.3232421875, 459.9853515625, 471.22265625, 447.1142578125, 445.787109375, 449.0185546875, 445.6298828125, 443.9736328125, 443.193359375, 441.591796875, 446.462890625, 445.9482421875, 441.1826171875]
    }],
  "function-name": "schwefel",
  "global_minimum": "0.000000"
}
