{
  "analysis": [{
    "algorythm-name": "adaptive_genetic_algorithm",
    "deltas": [5353739, 5345068, 6108492, 5416430, 5361176, 5096867, 5042911, 5223339, 5142160, 5129061, 5036594, 5180466, 5178249, 5070629, 5050600, 5009927, 4978196, 5158920, 5133012, 5138140, 5095842, 5067619, 5008159, 5170515, 5012776, 5097049, 5140705, 5111491, 5122444, 5075100],
    "dimension": 5,
    "results": ["0.000000", "0.000000", "0.000000", "0.000000", "0.000000", "0.000000", "0.000000", "0.000000", "0.000000", "0.000000", "0.000000", "0.000000", "0.000000", "0.000000", "0.000000", "0.000000", "0.000000", "0.000000", "0.000000", "0.000000", "0.000000", "0.000000", "0.000000", "0.000000", "0.000000", "0.000000", "0.000000", "0.000000", "0.000000", "0.000000"]
  }, {
    "algorythm-name": "adaptive_genetic_algorithm",
    "deltas": [10014775, 9839389, 9924667, 10641225, 9785892, 10318424, 10506056, 10221070, 9785670, 9876413, 9930260, 9849643, 9856332, 9773388, 9865480, 10025159, 9978537, 9943362, 9964750, 9884203, 9815383, 9714417, 9795679, 9880899, 9940118, 9868266, 9877540, 9817481, 9940288, 9867948],
    "dimension": 10,
    "results": ["0.000000", "0.000000", "0.000000", "0.000000", "0.000000", "0.000000", "0.000000", "0.000000", "0.000000", "0.000000", "0.000000", "0.000000", "0.000000", "0.000000", "0.000000", "0.000000", "0.000000", "0.000000", "0.000000", "0.000000", "0.000000", "0.000000", "0.000000", "0.000000", "0.000000", "0.000000", "0.000000", "0.000000", "0.000000", "0.000000"]
  }, {
    "algorythm-name": "adaptive_genetic_algorithm",
    "deltas": [29115099, 29100154, 30024619, 28913613, 29953136, 29067517, 28961525, 29176741, 29366972, 29346994, 29389252, 29159303, 30061109, 29200309, 29401664, 29077470, 29027323, 28764239, 28949516, 29163084, 29288211, 31466515, 32047517, 29358013, 29715895, 29842566, 30305373, 30084573, 31030993, 30271220],
    "dimension": 30,
    "results": ["0.077515", "0.025238", "0.052856", "0.039917", "0.022461", "0.048096", "1.259949", "0.028137", "0.019287", "0.024323", "0.042969", "0.015747", "0.238037", "0.020203", "0.022858", "0.032562", "0.171478", "0.072815", "0.061218", "0.167084", "0.010254", "0.028046", "0.036163", "0.058167", "0.054108", "0.034882", "0.023651", "0.052979", "0.019775", "0.042664"]
  }, {
  "run_evolution_adaptive_genetic_algorithm": [404.84234619140625, 303.9168395996094, 243.7262725830078, 219.5936279296875, 189.69219970703125, 166.68359375, 155.89048767089844, 155.13499450683594, 149.2049102783203, 140.22348022460938, 129.18759155273438, 117.54008483886719, 111.14593505859375, 101.0975341796875, 97.42057800292969, 79.88896179199219, 85.075927734375, 88.01676940917969, 76.053955078125, 63.43922424316406, 56.67381286621094, 53.45704650878906, 47.75019836425781, 45.48785400390625, 46.17427062988281, 45.44599914550781, 46.52122497558594, 45.28276062011719, 45.065185546875, 42.807769775390625, 43.59527587890625, 42.6768798828125, 41.64703369140625, 42.483489990234375, 41.554473876953125, 45.683624267578125, 54.84613037109375, 49.62168884277344, 39.230926513671875, 38.389495849609375, 36.80535888671875, 37.458221435546875, 36.93939208984375, 42.4420166015625, 42.409210205078125, 40.786163330078125, 38.89239501953125, 41.16839599609375, 40.548736572265625, 42.750518798828125, 41.547119140625, 38.5084228515625, 37.905120849609375, 40.12738037109375, 36.9876708984375, 34.931243896484375, 34.057861328125, 34.700958251953125, 33.8529052734375, 32.66326904296875, 35.304412841796875, 34.52728271484375, 38.43731689453125, 36.787078857421875, 34.559051513671875, 30.83721923828125, 31.0615234375, 33.224822998046875, 31.392791748046875, 32.3717041015625, 33.9345703125, 33.4180908203125, 32.43914794921875, 32.691864013671875, 31.419525146484375, 31.801177978515625, 30.94317626953125, 29.113433837890625, 28.17852783203125, 22.613128662109375, 20.136383056640625, 18.55059814453125, 18.21673583984375, 17.43060302734375, 16.680267333984375, 18.985382080078125, 16.8507080078125, 11.5211181640625, 9.93438720703125, 8.609588623046875, 8.24957275390625, 6.7724609375, 5.842315673828125, 5.28729248046875, 4.316131591796875, 4.136077880859375, 5.67181396484375, 5.616607666015625, 5.1605224609375, 5.428741455078125, 4.993927001953125]
    }],
  "function-name": "rastrigin",
  "global_minimum": "0.000000"
}
