{
  "analysis": [{
    "algorythm-name": "adaptive_genetic_algorithm",
    "deltas": [5800218, 6012354, 6308549, 5902865, 5757519, 5438549, 5560707, 5573166, 5613857, 5485814, 5610887, 5596381, 5508465, 5474199, 5440992, 5465014, 5577029, 5631730, 5554344, 5532461, 5518635, 5554817, 5454527, 5514390, 5567833, 5549638, 5532780, 5454266, 5506371, 5414463],
    "dimension": 5,
    "results": ["0.396179", "0.395324", "2.138546", "0.001235", "0.393012", "1.237751", "0.333413", "1.238436", "0.446740", "0.448929", "1.537738", "2.208786", "0.448929", "2.227755", "0.080469", "0.446740", "2.138250", "2.213651", "0.060433", "0.393012", "0.446740", "1.327876", "0.137979", "0.013519", "0.114395", "2.213800", "0.020277", "0.138831", "3.185614", "0.173281"]
  }, {
    "algorythm-name": "adaptive_genetic_algorithm",
    "deltas": [10181284, 10185747, 11099634, 10189172, 10744668, 11024110, 10214877, 10263049, 10271186, 10244929, 10300222, 10175512, 10278991, 10314028, 10435743, 10292731, 10329357, 10266527, 10178347, 10081967, 10160780, 10294872, 10328944, 10256437, 10261783, 10264143, 10371032, 10181747, 10223073, 10260141],
    "dimension": 10,
    "results": ["0.232297", "5.271491", "4.005927", "5.607789", "6.181074", "5.237768", "4.166373", "8.080807", "5.233597", "3.741448", "4.513304", "6.210382", "6.546205", "8.721490", "4.017330", "2.771125", "0.415385", "7.274300", "3.210233", "7.176595", "5.199466", "7.399455", "3.856375", "2.315419", "4.441829", "5.348266", "8.081343", "0.400252", "4.457404", "7.177967"]
  }, {
    "algorythm-name": "adaptive_genetic_algorithm",
    "deltas": [29772362, 30661221, 29877413, 30735494, 29674770, 29725543, 29838808, 29979822, 29927877, 30139024, 29844430, 30927947, 29890660, 30100568, 29824123, 29796902, 29469695, 29844017, 29957691, 29916548, 33574909, 31455149, 30228600, 30165590, 30951281, 31198170, 30325235, 31716484, 30373545, 29106742],
    "dimension": 30,
    "results": ["28.916670", "27.414543", "28.293163", "26.126947", "26.729155", "28.780653", "28.216969", "27.825804", "28.061577", "28.270374", "28.403263", "28.688341", "27.233362", "26.965519", "25.696423", "27.612669", "28.901205", "27.186588", "29.119289", "28.631401", "25.639513", "27.795206", "28.675497", "27.892174", "24.433447", "26.797821", "29.045448", "28.709156", "28.741560", "25.851028"]
  }, {
    "run_evolution_adaptive_genetic_algorithm": [1948582.875, 1489727.125, 710819.0625, 330656.5, 207267.328125, 113909.3828125, 89543.859375, 62203.796875, 79224.859375, 50813.375, 36957.171875, 32479.546875, 37624.125, 30414.083984375, 23096.095703125, 18970.27734375, 8416.6650390625, 5593.6982421875, 4862.40771484375, 3340.998291015625, 2803.5859375, 3421.90185546875, 3618.177734375, 2118.091552734375, 1748.64599609375, 1348.1234130859375, 1118.0745849609375, 1051.4307861328125, 1055.5716552734375, 722.9397583007813, 562.1179809570313, 433.2709045410156, 335.19671630859375, 329.3443908691406, 288.60491943359375, 290.6866455078125, 213.16656494140625, 166.04953002929688, 201.8187255859375, 379.497802734375, 191.10365295410156, 188.7129669189453, 217.65611267089844, 207.67724609375, 150.30810546875, 175.9827117919922, 140.63323974609375, 182.80679321289063, 157.96517944335938, 119.52027893066406, 88.91412353515625, 82.61526489257813, 61.49597930908203, 54.027278900146484, 53.147857666015625, 55.4106559753418, 62.900150299072266, 77.30169677734375, 70.584716796875, 60.06293869018555, 59.91161346435547, 56.27000427246094, 60.610355377197266, 58.709327697753906, 58.44589614868164, 47.30514907836914, 61.59315872192383, 55.05005645751953, 53.16828536987305, 55.568885803222656, 56.964698791503906, 57.48993682861328, 53.24409103393555, 45.15611267089844, 42.10658645629883, 42.259864807128906, 44.26789474487305, 43.73276901245117, 36.33565902709961, 36.255043029785156, 36.78219223022461, 43.1586799621582, 42.698856353759766, 38.11542510986328, 36.53519821166992, 34.820350646972656, 34.2845458984375, 34.065223693847656, 35.57514190673828, 32.41093444824219, 36.30832290649414, 35.22425079345703, 36.22129821777344, 51.05814743041992, 43.313812255859375, 39.7489013671875, 32.947998046875, 32.66581344604492, 35.64048767089844, 35.20613098144531, 34.113365173339844]
    }],
  "function-name": "rosenbrock",
  "global_minimum": "0.000000"
  }
